{"cameraMode":{"drawMode":0,"name":"Shaded","section":"Shading Mode"},"sceneLighting":true,"audioPlay":false,"sceneViewState":{"m_AlwaysRefresh":false,"showFog":true,"showSkybox":true,"showFlares":true,"showImageEffects":true,"showParticleSystems":true,"showVisualEffectGraphs":true,"m_FxEnabled":true},"in2DMode":false,"pivot":{"x":-52.08469772338867,"y":0.46057718992233279,"z":147.00819396972657},"rotation":{"x":-0.028182396665215493,"y":0.44137200713157656,"z":-0.01363496482372284,"w":-0.896941602230072},"size":1.3956010341644288,"orthographic":false}