{"cameraMode":{"drawMode":0,"name":"Shaded","section":"Shading Mode"},"sceneLighting":true,"audioPlay":false,"sceneViewState":{"m_AlwaysRefresh":false,"showFog":true,"showSkybox":true,"showFlares":true,"showImageEffects":true,"showParticleSystems":true,"showVisualEffectGraphs":true,"m_FxEnabled":true},"in2DMode":false,"pivot":{"x":35.45093536376953,"y":4.211585521697998,"z":155.12281799316407},"rotation":{"x":-0.1259455531835556,"y":0.14994598925113679,"z":0.019230972975492479,"w":0.9809263944625855},"size":5.1986212730407719,"orthographic":false}