{"cameraMode":{"drawMode":0,"name":"Shaded","section":"Shading Mode"},"sceneLighting":true,"audioPlay":false,"sceneViewState":{"m_AlwaysRefresh":false,"showFog":true,"showSkybox":true,"showFlares":true,"showImageEffects":true,"showParticleSystems":true,"showVisualEffectGraphs":true,"m_FxEnabled":true},"in2DMode":false,"pivot":{"x":-22.42772102355957,"y":2.1053757667541506,"z":199.37448120117188},"rotation":{"x":-0.0034297353122383358,"y":0.9957774877548218,"z":-0.011527039110660553,"w":-0.10617825388908386},"size":20.116636276245118,"orthographic":false}