{"cameraMode":{"drawMode":0,"name":"Shaded","section":"Shading Mode"},"sceneLighting":true,"audioPlay":false,"sceneViewState":{"m_AlwaysRefresh":false,"showFog":true,"showSkybox":true,"showFlares":true,"showImageEffects":true,"showParticleSystems":true,"showVisualEffectGraphs":true,"m_FxEnabled":true},"in2DMode":false,"pivot":{"x":-43.066749572753909,"y":3.2093288898468019,"z":95.79035949707031},"rotation":{"x":-0.01159569714218378,"y":-0.5992085933685303,"z":-0.00988489668816328,"w":0.8015027046203613},"size":14.612991333007813,"orthographic":false}